<PAMDataset>
  <PAMRasterBand band="1">
    <Histograms>
      <HistItem>
        <HistMin>0</HistMin>
        <HistMax>51</HistMax>
        <BucketCount>256</BucketCount>
        <IncludeOutOfRange>1</IncludeOutOfRange>
        <Approximate>0</Approximate>
        <HistCounts>4170|0|0|0|0|972|0|0|0|0|501|0|0|0|0|399|0|0|0|0|255|0|0|0|0|173|0|0|0|0|132|0|0|0|0|99|0|0|0|0|80|0|0|0|0|59|0|0|0|0|34|0|0|0|0|23|0|0|0|0|20|0|0|0|0|19|0|0|0|0|12|0|0|0|0|16|0|0|0|0|14|0|0|0|0|7|0|0|0|0|8|0|0|0|0|4|0|0|0|0|10|0|0|0|0|3|0|0|0|0|4|0|0|0|0|1|0|0|0|0|2|0|0|0|0|0|0|0|0|0|3|0|0|0|0|2|0|0|0|0|1|0|0|0|0|1|0|0|0|0|0|0|0|0|0|1|0|0|0|0|0|0|0|0|0|1|0|0|0|0|0|0|0|0|0|1|0|0|0|0|1|0|0|0|0|0|0|0|0|0|0|0|0|0|0|0|0|0|0|0|0|0|0|0|0|0|0|0|0|0|0|0|0|0|0|0|0|0|0|0|0|0|0|0|0|0|0|0|0|0|0|0|0|0|0|0|0|0|0|0|0|0|0|0|0|0|0|0|0|0|0|0|0|0|0|1</HistCounts>
      </HistItem>
    </Histograms>
    <Metadata>
      <MDI key="RepresentationType">THEMATIC</MDI>
      <MDI key="STATISTICS_COVARIANCES">9.633069332328619</MDI>
      <MDI key="STATISTICS_EXCLUDEDVALUES"></MDI>
      <MDI key="STATISTICS_MAXIMUM">51</MDI>
      <MDI key="STATISTICS_MEAN">1.5023474178404</MDI>
      <MDI key="STATISTICS_MINIMUM">0</MDI>
      <MDI key="STATISTICS_SKIPFACTORX">1</MDI>
      <MDI key="STATISTICS_SKIPFACTORY">1</MDI>
      <MDI key="STATISTICS_STDDEV">3.1037186296971</MDI>
    </Metadata>
  </PAMRasterBand>
</PAMDataset>
